id,full_name,image_url_id,education,career_timeline,platforms_and_promises,past_behaviors,sources
1,"Benjamin ""Benhur"" De Castro Abalos Jr.",,Bachelor of Arts in History and Political Science (De La Salle University). Bachelor of Laws (Ateneo de Manila University),"Mayor, Mandaluyong City (Multiple terms). Chairman, MMDA (2021ÔøΩ2022). Secretary, DILG (June 2022 ÔøΩ Oct 2024). Party Affiliation: Partido Federal ng Pilipinas (PFP).","""Buhay Ingatan, Droga'y Ayawan"" (BIDA) Program: Holistic anti-drug campaign focusing on demand reduction, prevention, and rehabilitation at the local government unit (LGU) level. LGU Empowerment: Focus on strengthening LGUs' capacity to deliver effective basic services.","PNP Mass Resignation Call (Jan 2023): Publicly urged all senior PNP officials to submit courtesy resignations to cleanse the police force of drug links, a major anti-corruption initiative during his DILG term.","{""education"":""https://en.wikipedia.org/wiki/Benhur_Abalos"",""past_behaviors"":""https://en.wikipedia.org/wiki/Benhur_Abalos"",""career_timeline"":""https://www.youtube.com/watch?v=aICXcVGFaWw"",""platforms_and_promises"":""https://region5.dilg.gov.ph/secretary-of-the-interior-and-local-government-atty-benjamin-c-abalos-jr-meets-the-local-chief-executives-lces-and-functionaries-of-the-province-of-albay/""}"
2,Ronaldo Mangampo Adonis,,Bachelor of Science in Biology (UP Diliman); Master of Science in Entomology (UP Los Ba√±os).,Entomologist; Professor (University of the Philippines Los Ba√±os); Researcher. Candidate for Senator (2025) under Makabayang Koalisyon ng Mamamayan (Makabayan).,"Environmental Protection and Food Security: Focus on sustainable agriculture, protecting natural resources, and using science-based policies to ensure food security. Genuine Agrarian Reform: Pushing for government subsidies and support for farmers and fisherfolk.","Agricultural Science Advocacy: Has aligned his work as a scientist with progressive causes, advocating for local biodiversity and indigenous seed protection against commercial interests.","{""education"":""https://www.rappler.com/nation/elections/2022/candidates/senator/ronaldo-adonis/"",""past_behaviors"":""https://www.rappler.com/nation/elections/2022/candidates/senator/ronaldo-adonis/"",""career_timeline"":""https://makabayan.ph/"",""platforms_and_promises"":""https://makabayan.ph/""}"
3,Wilson Caritero Amad,,"Background primarily as a media broadcaster, catechist, and advocate. Specific details on formal tertiary education are limited.","Media Broadcaster, Catechist, and Advocate. Candidate for Vice President (2022 National Elections) as an Independent.","Platforms focus generally on advocacy work. COMELEC noted his support was confined primarily to Northern Mindanao, which was one basis for their Nuisance Candidate ruling.","Nuisance Candidate Case (2022): COMELEC declared him a nuisance candidate. The Supreme Court later issued a TRO and held COMELEC in contempt for procedural grave abuse of discretion, even though the case became moot after the elections.","{""education"":""https://jur.ph/jurisprudence/summary/amad-v-commission-on-elections"",""past_behaviors"":""https://jur.ph/jurisprudence/summary/amad-v-commission-on-elections"",""career_timeline"":""https://jur.ph/jurisprudence/summary/amad-v-commission-on-elections"",""platforms_and_promises"":""https://jur.ph/jurisprudence/summary/amad-v-commission-on-elections""}"
4,Jocelyn Santos Andamo,,"Bachelor of Science in Nursing (Far Eastern University, cum laude, 1983).","Nurse and Health Activist. Secretary-General, Filipino Nurses United. Candidate for Senator (2025) under Makabayang Koalisyon ng Mamamayan (Makabayan).","Healthcare Workers' Welfare: Vows to file for a $\text{‚Ç±50,000}$ monthly salary increase for nurses and $\text{‚Ç±33,000}$ for other healthcare workers. Public Healthcare: Advocating for better public health systems and opposing the privatization of government hospitals.","Health Advocacy: Led campaigns against the privatization of major government hospitals (e.g., Philippine General Hospital) and criticized the government's proposal to exchange Filipino nurses for COVID-19 vaccines as treating them like commodities.","{""education"":""https://en.wikipedia.org/wiki/Jocelyn_Andamo"",""past_behaviors"":""https://en.wikipedia.org/wiki/Jocelyn_Andamo"",""career_timeline"":""https://makabayan.ph/"",""platforms_and_promises"":""https://www.youtube.com/watch?v=alblsij9C-g""}"
5,Paolo Benigno ‚ÄúBam‚Äù Aguirre Aquino IV,,"Bachelor of Science in Management Engineering (Ateneo de Manila University, summa cum laude, 1999).","Social Entrepreneur (Hapinoy Project). Senator of the Philippines (2013‚Äì2019). Chairman, Katipunan ng Nagkakaisang Pilipino (KANP) (2024-Present). Candidate for Senator (2025).",Education: Principal sponsor of the Free College Education Act (RA 10931). Youth Employment & MSMEs: Principal author of the Go Negosyo Act (RA 10644). Focuses on increasing the national education budget and reforming K-12.,"Political Alignment: Currently co-leads the ""KiBam"" coalition (with Kiko Pangilinan) and is associated with the 2022 ""pink wave"" movement, focusing on reform-oriented politics, good governance, and democratic reforms.","{""education"":""https://en.wikipedia.org/wiki/Political_positions_of_Bam_Aquino"",""past_behaviors"":""https://en.wikipedia.org/wiki/KiBam"",""career_timeline"":""https://en.wikipedia.org/wiki/Katipunan_ng_Nagkakaisang_Pilipino"",""platforms_and_promises"":""https://en.wikipedia.org/wiki/Political_positions_of_Bam_Aquino""}"
6,Ronnel Gondraneos Arambulo,,Graduated from Janosa National High School. Briefly enrolled in a B.S. in Secondary Education program at the University of Rizal System and the University of Manila but did not complete a degree.,"Fisherman; Barangay Kagawad (2013-2019); National Vice Chairperson, Pambansang Lakas ng Kilusang Mamamalakaya Pilipinas (PAMALAKAYA) (since 2023). Candidate for Senator (2025) under Makabayang Koalisyon ng Mamamayan (Makabayan).","Fisherfolk and Environmental Rights: Focus on opposing destructive reclamation projects (like Manila Bay), protecting marine habitats, and asserting fisherfolk's rights in the West Philippine Sea. Livelihood: Advocating for genuine fisheries and aquatic reforms.",Grassroots Activism: Involved in grassroots campaigns since 2008 to amplify fisherfolk issues. His political focus is a direct continuation of his long-standing activism as a fisherfolk leader.,"{""education"":""https://en.wikipedia.org/wiki/Ronnel_Arambulo"",""past_behaviors"":""https://en.wikipedia.org/wiki/Ronnel_Arambulo"",""career_timeline"":""https://www.gmanetwork.com/news/eleksyon/2025/candidates/ronnel-isdabest-arambulo/"",""platforms_and_promises"":""https://www.inquirer.net/2025-philippine-elections/voteph-candidate-profile/ronnel-arambulo/""}"
7,Ernesto Rillera Arellano,,AB Political Science (Minor in Philosophy) and Bachelor of Laws (Baguio Colleges Foundation/University of the Cordilleras).,"Labor Lawyer and Activist. Founding General Secretary, Kilusang Mayo Uno (KMU); Founding President, National Confederation of Labor (NCL). Candidate for Senator (2025) under Katipunan ng Kamalayang Kayumanggi (Katipunan).",Labor Rights: Pushing for the Nationalization of Minimum Wage and the Criminalization of Contractualization (Endo). Social Issues: Advocates for land for informal settlers and supports the legalization of divorce and medical marijuana.,"Political Action: Through the NCL, he has actively filed petitions regarding election integrity, including asking COMELEC to verify the eligibility and citizenship of candidates (in the context of the Alice Guo issue).","{""education"":""https://halalan.up.edu.ph/arellano-ernesto-ind/"",""past_behaviors"":""https://en.wikipedia.org/wiki/Ernesto_Arellano"",""career_timeline"":""https://en.wikipedia.org/wiki/Ernesto_Arellano"",""platforms_and_promises"":""https://halalan.up.edu.ph/arellano-ernesto-ind/""}"
8,Roberto Amido Ballon,,High School: Buayan National High School. Attended various local and international trainings on marine resource management and environmental leadership. Profession: Fish Farmer/Fisherman.,"Fisherman, Environmental Advocate, and Community Leader. Founder and Chairman, Kapunungan sa Gagmay'ng Mangingisda sa Concepcion (KGMC) (1986‚ÄìPresent). Ramon Magsaysay Awardee (2021). Candidate for Senator (2025) as an Independent.","Sustainable Fisheries and Marine Ecosystem Protection. Focuses on his platform of the ""three Es"" (Empowerment, Environment, and Economy). Advocates for enforcing maritime laws and expanding mangrove conservation efforts.",Landmark Achievement: Received the 2021 Ramon Magsaysay Award for successfully leading his community in restoring over 500 hectares of mangroves and reviving the local fishing industry through sustainable practices.,"{""education"":""https://www.gmanetwork.com/news/eleksyon/2025/candidates/roberto-ka-dodoy-ballon/"",""past_behaviors"":""https://www.forestfoundation.ph/news/roberto-ka-dodoy-ballon-forest-foundation-partner-receives-2021-ramon-magsaysay-award/"",""career_timeline"":""https://rmaward.asia/rmawardees/ballon-roberto/"",""platforms_and_promises"":""https://www.serbisyo.ph/philippines/electoral-candidates/roberto-quot-ka-dodoy-quot-amido-ballon-jr""}"
9,Mar-len Abigail ‚ÄúAbby‚Äù Sombillo Binay-Campos,,Bachelor of Science in Human Ecology (UP Los Ba√±os). Juris Doctor (Law Degree) (Ateneo de Manila Law School); Admitted to the Philippine Bar.,"Representative, Makati's 2nd District (2007‚Äì2016). Mayor of Makati City (2016 ‚Äì 2025, three terms). UN Advisory Group on Local and Regional Governments (2023‚ÄìPresent). Party affiliation: Nationalist People‚Äôs Coalition (NPC).",Digitalization and Smart City: Implemented the Makatizen Card and Public Wi-Fi System. Climate Action: Focus on urban sustainability and climate resilience (served on the Global Covenant of Mayors Board).,"Infrastructure: Spearheaded the development of the Makati Subway project. Territorial Dispute: Vowed to protect residents and benefits in the 10 ""Embo"" barangays lost to Taguig after the Supreme Court ruling, though the matter is settled.","{""education"":""https://www.greenfinanceplatform.org/person/abigail-s-binay"",""past_behaviors"":""https://en.wikipedia.org/wiki/Abigail_Binay"",""career_timeline"":""https://en.wikipedia.org/wiki/Abigail_Binay"",""platforms_and_promises"":""https://www.devex.com/news/authors/-1868272""}"
10,James Patrick ‚ÄúJimmy‚Äù Romero Bondoc,,"Bachelor of Arts in Communications (Ateneo de Manila University). Juris Doctor (Law Degree) (University of the East, completed in 2023).","Musician and Songwriter (""Let Me Be The One""). Vice President for CSR (PAGCOR, 2016‚Äì2021); Board of Directors Member (PAGCOR, 2021‚Äì2022). Candidate for Senator (2025) under PDP.",Anti-Corruption and Governance: Platforms are strongly aligned with supporting and institutionalizing the anti-corruption and peace and order reforms of the previous administration. Health: Supports mandatory school feeding programs.,"Political Activism: A vocal supporter of the former President Rodrigo Duterte, writing songs and participating in pro-administration rallies. Appointed to the PAGCOR leadership after the 2016 elections.","{""education"":""https://en.wikipedia.org/wiki/Jimmy_Bondoc"",""past_behaviors"":""https://en.wikipedia.org/wiki/Jimmy_Bondoc"",""career_timeline"":""https://www.gmanetwork.com/news/eleksyon/2025/candidates/james-patrick-bondoc/"",""platforms_and_promises"":""https://pdplaban.org.ph/jimmy-bondoc/""}"
11,Ramon Jr. Bautista ‚ÄúBong‚Äù Revilla,,"Secondary Education (Fairfax High School, Los Angeles, California, 1982). Holds Honorary Doctorates in Public Administration and Humanities.","Governor of Cavite (1998‚Äì2001). Senator of the Philippines (2004‚Äì2016, 2019‚ÄìPresent). Party affiliation: Lakas-CMD.","Disaster Resilience: Pushing to strengthen the National Building Code (SBN 2028), ensuring structures can withstand powerful earthquakes. Social Welfare: Authored the Expanded Centenarians Act and the Kabalikat sa Pagtuturo Act.",PDAF Scandal: Charged with plunder in 2014; was acquitted by the Sandiganbayan (anti-graft court) in 2018. His legislative record focuses heavily on social services and disaster preparedness.,"{""education"":""https://en.wikipedia.org/wiki/Bong_Revilla"",""past_behaviors"":""https://en.wikipedia.org/wiki/Bong_Revilla"",""career_timeline"":""https://en.wikipedia.org/wiki/Bong_Revilla"",""platforms_and_promises"":""https://www.pna.gov.ph/articles/1244058""}"
12,Bonifacio Laqui Bosita,,Bachelor of Science in Civil Engineering (USeP). Master in Management (Development Academy of the Philippines).,"Retired Police Colonel (PNP Highway Patrol Group). Representative, 1-Rider Partylist (2022‚Äì2025). Candidate for Senator (2025) as an Independent.","Road Safety and Motorcyclist Rights: Advocating for clear, unambiguous, and fair traffic laws to protect motorcycle riders. Governance: Focus on fighting corruption among traffic enforcers and ensuring public accountability.","Public Activism: Gained significant public support through his social media advocacy (as Colonel Bosita, RSAP), where he publicly challenged and disputed arbitrary traffic violations.","{""education"":""https://en.wikipedia.org/wiki/Bonifacio_Bosita"",""past_behaviors"":""https://www.youtube.com/watch?v=Q2geFO3lqQQ"",""career_timeline"":""https://www.youtube.com/watch?v=UvHMJgx0LYs"",""platforms_and_promises"":""https://www.youtube.com/watch?v=8YTB80CO_1U""}"
13,Arlene Duran Brosas,,"Bachelor of Arts in Philippine Studies (UP Diliman). Taught Philippine Literature, Humanities, and Science.","Educator; Child Rights Activist. Representative, Gabriela Women's Party-list (2016‚Äì2025, part of the Makabayan bloc). House Deputy Minority Leader.","Women‚Äôs and Children's Rights: Co-author of the SOGIE Equality Bill and the Magna Carta for Daycare Workers. Economic Justice: Filed bills seeking a Super-Rich Tax (HB 258), increased wages for teachers, and the repeal of the Anti-Terrorism Act.",Legislative Consistency: Known for her consistent anti-administration stance and strong advocacy for progressive causes such as labor contractualization (anti-endo bill) and human rights defense.,"{""education"":""https://en.wikipedia.org/wiki/Arlene_Brosas"",""past_behaviors"":""https://alum.up.edu.ph/who-are-the-party-list-representatives-arlene-brosas-promoting-the-protection-of-women-children/"",""career_timeline"":""https://en.wikipedia.org/wiki/Arlene_Brosas"",""platforms_and_promises"":""https://econgress.gov.ph/house-members/?id=48&views=authoredbills""}"
14,üáµüáµ Roy Jerusalem Cabonegro,,Bachelor of Science in Community Development (UP Diliman); Master of Arts in Public Administration (National College of Public Administration and Governance).,Community Development Specialist; Environmental Activist; Candidate for Senator (2025) under the Democratic Party of the Philippines (DPP).,"Climate Justice and Environmental Protection: Focus on climate change mitigation, sustainable development, and demanding accountability from polluters. Energy Transition: Advocates for a full shift to non-nuclear renewable energy.","Development Work: Over 25 years of experience in development work, aligning with socialist and environmental causes. He ran as part of the Leody de Guzman senatorial slate in 2022.","{""education"":""https://www.rappler.com/nation/elections/2022/candidates/senator/roy-cabonegro/"",""past_behaviors"":""https://halalan.up.edu.ph/cabonegro-roy-dpp/"",""career_timeline"":""https://www.youtube.com/watch?v=faQaKA6HlWE"",""platforms_and_promises"":""https://www.youtube.com/watch?v=faQaKA6HlWE""}"
15,Allen Arat Capuyan,,Philippine Military Academy (PMA) ‚ÄúMatikas‚Äù Class of 1983.,"Colonel (Retired). Executive Director, NTF-ELCAC (2018‚Äì2022). Chairperson, NCIP (2019‚Äì2023). Candidate for Senator (2025) under Partido Pilipino sa Pagbabago.","Indigenous Peoples' (IP) Rights and Counter-Insurgency: Focus on strengthening the IPRA and advancing development in IP communities, largely through the framework of the anti-insurgency campaign.","Controversial Allegations: Linked to the ""Hello Garci"" scandal (2005) and a Bureau of Customs corruption scandal (2017) (nicknamed ""Big Brother"" in reports), which he has denied. His tenure at NCIP was marked by intense criticism from human rights groups regarding red-tagging of IP leaders.","{""education"":""https://en.wikipedia.org/wiki/Allen_Capuyan"",""past_behaviors"":""https://www.karapatan.org/media_release/karapatan-protests-the-appointment-of-former-colonel-allen-capuyan-as-ncip-chair/"",""career_timeline"":""https://en.wikipedia.org/wiki/Allen_Capuyan"",""platforms_and_promises"":""https://www.pna.gov.ph/articles/1192338""}"
16,Teodoro ‚ÄúTeddy‚Äù Acevedo Casi√±o,,"Bachelor of Arts in Sociology (University of the Philippines Los Ba√±os, 1993).","Journalist and Activist. Representative, Bayan Muna Party-list (2004‚Äì2013). Chairperson, Bagong Alyansang Makabayan (BAYAN) (Incumbent). Candidate for Senator (2025) under Makabayan.","Economic Justice: Main advocacy is lowering prices of electricity, oil, and basic utilities. Filed bills for the removal of VAT on power (HB 2719) and oil (HB 1630). Governance: Principal author of the Whistleblowers Protection Bill and the Freedom of Information Bill (HB 133).",Legislative Record: Prolific bill filer (4th most in the 15th Congress) with key laws authored including the Tax Relief Act of 2009 (exempting minimum wage earners from tax) and the Anti-Torture Act of 2009. Current Events: Involved in filing the impeachment complaint against Vice President Sara Duterte in December 2024.,"{""education"":""https://en.wikipedia.org/wiki/Teodoro_Casi%C3%B1o"",""past_behaviors"":""https://en.wikipedia.org/wiki/Teodoro_Casi%C3%B1o"",""career_timeline"":""https://en.wikipedia.org/wiki/Teodoro_Casi%C3%B1o"",""platforms_and_promises"":""https://en.wikipedia.org/wiki/Teodoro_Casi%C3%B1o""}"
17,Francisca ‚ÄúFrance‚Äù Lustina Castro,,"Bachelor of Science in Education (Major in Mathematics) ‚Äì Philippine Normal University (PNU), cum laude. Master of Science in Mathematics Education (Pamantasan ng Lungsod ng Maynila).","Teacher (former); Trade Union Activist. Representative, ACT Party-list (2016‚Äì2025). House Deputy Minority Leader (2022‚Äì2025). Candidate for Senator (2025) under Makabayan.","Teacher and Workers' Welfare: Pushes to raise public school teachers' basic salaries to $\text{‚Ç±50,000}$ and the national minimum wage to $\text{‚Ç±33,000}$. Education Support: Co-authored the Kabalikat sa Pagtuturo Act, which raises teachers' allowances to $\text{‚Ç±10,000}$ starting 2025.","Legislative Record: Co-authored the New Agrarian Emancipation Act (RA 11953). Led teachers' campaigns for better pay and benefits, resulting in the issuance of a DepEd order compensating teachers for work overload (April 2024).","{""education"":""https://en.wikipedia.org/wiki/France_Castro"",""past_behaviors"":""https://en.wikipedia.org/wiki/France_Castro"",""career_timeline"":""https://en.wikipedia.org/wiki/France_Castro"",""platforms_and_promises"":""https://en.wikipedia.org/wiki/France_Castro""}"
18,Pilar Juliana ‚ÄúPia‚Äù Schramm Cayetano,,"Bachelor of Arts in Economics (UP Diliman, cum laude). Bachelor of Laws (UP College of Law, 7th in class).","Senator of the Philippines (2004‚Äì2016, 2019‚ÄìPresent). Representative, 2nd District of Taguig (2016‚Äì2019). Chair, Senate Blue Ribbon Committee (2024‚ÄìPresent). Party affiliation: Nacionalista Party.","Health and Women's Rights: Principal author of landmark laws: Responsible Parenthood and Reproductive Health Act, Expanded Breastfeeding Promotion Act, and Expanded Senior Citizens Act. Fiscal Reform: Authored and sponsored the CREATE Act and the POGO Law.","International Role: First Filipino and Asian to head the IPU Committee of Women Parliamentarians (2008). Current Role: As Blue Ribbon Chair, led hearings into sensitive issues, including the previous administration's war on drugs (Oct 2024).","{""education"":""https://en.wikipedia.org/wiki/Pia_Cayetano"",""past_behaviors"":""https://en.wikipedia.org/wiki/Pia_Cayetano"",""career_timeline"":""https://en.wikipedia.org/wiki/Pia_Cayetano"",""platforms_and_promises"":""https://en.wikipedia.org/wiki/Pia_Cayetano""}"
19,Angelo Castro De Alban,,"Lawyer; Educator (Professor, University of Santo Tomas - UST Law).",Litigation Lawyer; Educator; Candidate for Senator (2025) as an Independent.,Legal and Social Reform: Pushing for amendments to the Family Code to be inclusive of same-sex relationships. Advocates for judicial funding and policies for persons with disabilities (PWDs). Election Reform: Aims to level the playing field for independent and non-traditional candidates.,"Nuisance Candidate Ruling (2019): Challenged the COMELEC's decision to label him a nuisance candidate due to perceived lack of financial capacity and machinery, a case that became moot but highlighted the financial barrier for independent national candidates.","{""education"":""https://www.youtube.com/watch?v=TgSovy3ALjA"",""past_behaviors"":""https://elibrary.judiciary.gov.ph/thebookshelf/showdocs/1/68256"",""career_timeline"":""https://www.youtube.com/watch?v=TgSovy3ALjA"",""platforms_and_promises"":""https://www.youtube.com/watch?v=Hc8J2xNJXoU""}"
20,David Delano D‚ÄôAngelo,,"Bachelor of Science in Accountancy (Fernandez Colleges in Baliuag, Bulacan).","Environmental Advocate; Social Reformist. National President, Green Party of the Philippines. Candidate for Senator (2025) under Bunyog Pagkakaisa Party.","Environmental Sustainability: Focus on addressing climate change, protecting natural resources, and holding polluters accountable. Governance Reforms: Vows a ""zero-budget"" campaign and is critical of the use of government aid (e.g., AKAP, AICS) for political gain.","Political Affiliation: Previously ran under the Partido Lakas ng Masa (PLM) in 2022. Known for taking a strong stance on sensitive political issues, including commenting on the impeachment of VP Sara Duterte and the ICC probe.","{""education"":""https://en.wikipedia.org/wiki/David_D%27Angelo_(activist"",""past_behaviors"":""https://www.youtube.com/watch?v=hiJ2YChSHy4"",""career_timeline"":""https://en.wikipedia.org/wiki/David_D%27Angelo_(activist"",""platforms_and_promises"":""https://www.youtube.com/watch?v=Ub3C8iEbG2s""}"
21,Leodegario ‚ÄúLeody‚Äù Quitain De Guzman,,Bachelor of Science in Customs Administration (Philippine Maritime Institute - PMI Colleges).,"Labor Leader and Activist. Chairman, Bukluran ng Manggagawang Pilipino (BMP) (2018‚ÄìPresent). Candidate for President (2022) and Candidate for Senator (2025) under Partido Lakas ng Masa (PLM).","Labor Rights: Advocates for $\text{‚Ç±750}$ National Minimum Wage and abolishing contractualization (""endo""). Systemic Change: Supports taxing the wealthy, genuine agrarian reform, and the abolition of political dynasties (a key platform in his 2025 Senate bid).","Political Stance: Known for advocating for the overhaul of the political system, including the resignation of all elected officials during EDSA II. Consistently rejects ""transactional politics"" and military agreements with the U.S.","{""education"":""https://en.wikipedia.org/wiki/Leody_de_Guzman"",""past_behaviors"":""https://en.wikipedia.org/wiki/Leody_de_Guzman"",""career_timeline"":""https://en.wikipedia.org/wiki/Leody_de_Guzman"",""platforms_and_promises"":""https://www.youtube.com/watch?v=QPrf-QrrEPo""}"
22,Ronald ‚ÄúBato‚Äù Marapon Dela Rosa,,"Philippine Military Academy (PMA) ‚ÄúSinagtala‚Äù Class of 1986. Ph.D. in Development Administration (University of Southeastern Philippines, 2006).",Chief of the Philippine National Police (PNP) (2016‚Äì2018). Senator of the Philippines (2019‚ÄìPresent). Party affiliation: PDP-Laban.,"Peace and Order: Priority legislation includes the revival and imposition of the death penalty for high-level drug crimes (SB No. 226). Police Reform: Authored the PNP, BFP, BJMP, and BuCor Height Equality Act (RA 11549).","ICC Probe: Led the controversial ""War on Drugs"" under Duterte, making him a subject of an International Criminal Court (ICC) investigation for alleged crimes against humanity. Reports of a possible ICC arrest warrant were made public in November 2025, but the status is monitored by the DOJ.","{""education"":""https://legacy.senate.gov.ph/senators/sen_bio/delarosa_bio.asp"",""past_behaviors"":""https://www.youtube.com/watch?v=1t7SoSjfeWk"",""career_timeline"":""https://legacy.senate.gov.ph/senators/sen_bio/delarosa_bio.asp"",""platforms_and_promises"":""https://legacy.senate.gov.ph/senators/sen_bio/delarosa_bio.asp""}"
23,Eufemia ‚ÄúMimi‚Äù Pet Doringo,,Background primarily as a peasant advocate and grassroots leader; often cited as a paralegal.,"Peasant and Urban Poor Advocate. Secretary-General, Amihan Federation of Peasant Women. Leader, Kalipunan ng Damayang Mahihirap (KADAMAY). Candidate for Senator (2025) under Makabayan.",Land Reform: Pushing for genuine agrarian reform and the free distribution of land to farmers and indigenous peoples. Food Security: Advocates for government subsidies for local farmers and opposition to the privatization of agricultural resources.,"Activism: A prominent figure in the KADAMAY movement, known for advocating for the rights of the urban poor to housing and the rights of peasant women against militarization and land grabbing.","{""education"":""https://www.bulatlat.com/2021/10/08/kadamay-leader-to-run-for-senator-in-2022/"",""past_behaviors"":""https://www.bulatlat.com/2021/10/08/kadamay-leader-to-run-for-senator-in-2022/"",""career_timeline"":""https://www.cecphils.org/category/environmental-defenders/feed/"",""platforms_and_promises"":""https://makabayan.ph/""}"
24,Arnel Bondilles Escobal,,Philippine Military Academy (PMA) Graduate (1979).,Retired Police General (Served in the Philippine Constabulary and PNP Intelligence Group). Candidate for Senator (2025) under Partido Maharlika.,"Governance and Social Services: Focus on good governance, livelihood, and healthcare. Supports free education and the expansion of universal healthcare coverage. Legal Reform: Supports expanding VAWC laws to include LGBTIQ+ relationships.",Military/Police Service: His career included being involved in a 1990 shooting incident that led to a legal case where he argued the Sandiganbayan had exclusive jurisdiction (a case that reached the Supreme Court).,"{""education"":""https://elibrary.judiciary.gov.ph/thebookshelf/showdocs/1/45027"",""past_behaviors"":""https://elibrary.judiciary.gov.ph/thebookshelf/showdocs/1/45027"",""career_timeline"":""https://www.youtube.com/watch?v=_wtEePQIZuo"",""platforms_and_promises"":""https://up.edu.ph/senatorial-bets-bare-platforms-for-youth-women-lgbtiq-in-upd-forum/""}"
25,Renecio Jr. Santos ‚ÄúLuke‚Äù Espiritu,,Bachelor of Arts in Communication Arts (Ateneo de Manila University). Doctor of Jurisprudence (Law) (Ateneo de Manila University).,"Labor Leader and Lawyer. President, Bukluran ng Manggagawang Pilipino (BMP). Candidate for Senator (2025) under Partido Lakas ng Masa (PLM).","Labor Rights: Advocates for significant wage increases and abolishing contractualization. Social Issues: Publicly supports legalization of divorce, same-sex marriage, and reproductive rights including access to abortion. Political Reform: Campaigns against political dynasties and ""trapos"" (traditional politicians).","Public Engagements: Gained significant public attention during the 2022 senatorial debates for his fiery and principled exchanges, particularly on the issues of the Marcos family's ill-gotten wealth and Martial Law.","{""education"":""https://en.wikipedia.org/wiki/Luke_Espiritu"",""past_behaviors"":""https://www.youtube.com/watch?v=qMabpNWoLYc"",""career_timeline"":""https://en.wikipedia.org/wiki/Luke_Espiritu"",""platforms_and_promises"":""https://www.youtube.com/watch?v=T7sNAbPEaHw""}"
26,Modesto Toque ‚ÄúMody‚Äù Floranda,,Background as a transport leader and activist. Completed high school and gained practical experience in the transport sector.,"FX Driver (former); President, Pagkakaisa ng mga Samahan ng Tsuper at Opereytor Nationwide (PISTON). Candidate for Senator (2025) under Makabayang Koalisyon ng Mamamayan (Makabayan).","Transport Rights: Leading the opposition to the Jeepney Phaseout/Public Utility Vehicle Modernization Program (PUVMP). Economic Justice: Advocates for the repeal of the Oil Deregulation Law (RA 8479) and the TRAIN Law, demanding the removal of high taxes (VAT, excise tax) on fuel to lower transport costs.",Activism: Led numerous nationwide transport strikes and protests to defend the livelihood of jeepney drivers and operators. His candidacy is positioned as a direct challenge to the political dynasty system.,"{""education"":""https://en.wikipedia.org/wiki/Mody_Floranda"",""past_behaviors"":""https://www.youtube.com/watch?v=c3XL2Yhy6JI"",""career_timeline"":""https://en.wikipedia.org/wiki/Mody_Floranda"",""platforms_and_promises"":""https://makabayan.ph/""}"
27,Marc Louie De Jesus Gamboa,,Background as a Political Vlogger/Commentator. Specific formal education details not prominently highlighted in current campaign materials.,Political Vlogger and Social Media Personality. Candidate for Senator (2025) as an Independent.,"Combating Misinformation: Proposes the creation of a ""24/7 fake news monitoring office"" to actively combat misinformation and disinformation, particularly on social media platforms. Governance: Expressed frustration with the government, leading him to seek a Senate seat to enact change directly.","Media Presence: Built a large following as an online political commentator, using his platform to voice concerns and critique government actions. Positions himself as someone who believes there is ""good in every political faction.""","{""education"":""https://www.youtube.com/watch?v=64AWGqcEqzo"",""past_behaviors"":""https://www.youtube.com/watch?v=5Eh2KbtfDJ4"",""career_timeline"":""https://www.youtube.com/watch?v=64AWGqcEqzo"",""platforms_and_promises"":""https://www.youtube.com/watch?v=3ZvaAggH7Bs""}"
28,Christopher Lawrence ‚ÄúBong‚Äù Tesoro Go,,Bachelor of Arts in Economics (De La Salle University).,Special Assistant to the President (2016‚Äì2018). Senator of the Philippines (2019‚ÄìPresent). Party affiliation: PDP-Laban.,Healthcare: Principal author of the Malasakit Center Act (RA 11463). Focuses on establishing Super Health Centers and Regional Specialty Centers to bring healthcare services closer to the people. Disaster Resilience: Pushing for the creation of the Department of Disaster Resilience (DDR).,"Legislative Focus: Principally sponsored 69 laws for the upgrade or establishment of public hospitals. He strongly advocates for a brand of public service centered on health and assistance, stemming from his long career as the aide to former President Rodrigo Duterte.","{""education"":""https://en.wikipedia.org/wiki/Bong_Go"",""past_behaviors"":""https://pdplaban.org.ph/pdp-laban-news/"",""career_timeline"":""https://senatorbonggo.ph/about"",""platforms_and_promises"":""https://senatorbonggo.ph/about""}"
29,Norberto Borja Gonzales,,Pre-medicine Course (Ateneo de Davao).,"National Security Adviser (2005‚Äì2007). Secretary of National Defense (OIC, 2009‚Äì2010). Candidate for President (2022). Chairperson, Partido Demokratiko Sosyalista ng Pilipinas (PDSP). Candidate for Senator (2025).","Social Democracy: Platforms are rooted in social democratic principles, focusing on internal development, governance strategy, and addressing systemic issues. Food Security: Stresses the reform of the Department of Agriculture and making food production a national priority (a major platform point in 2022 that he continues to advocate).","Anti-Martial Law Activism: Co-organized the movement that became the PDSP, which worked with the MNLF to overthrow Marcos. He was a key figure in the Arroyo administration, though he was once detained by the Senate for contempt of Congress (2005).","{""education"":""https://en.wikipedia.org/wiki/Norberto_Gonzales"",""past_behaviors"":""https://en.wikipedia.org/wiki/Norberto_Gonzales"",""career_timeline"":""https://en.wikipedia.org/wiki/Norberto_Gonzales"",""platforms_and_promises"":""https://www.youtube.com/watch?v=vzUXsHeVRLs""}"
30,Jesus Villanueva Hinlo Jr.,,Lawyer; Alma Mater includes University of Negros Occidental ‚Äì Recoletos and University of Santo Tomas.,"Undersecretary, DILG (2016‚Äì2017). Commissioner, Presidential Anti-Corruption Commission (PACC) (2022). Deputy Secretary General for Visayas, PDP-Laban (2023‚ÄìPresent). Candidate for Senator (2025) under PDP-Laban.",Anti-Corruption and Governance: Platforms focus on strengthening anti-corruption bodies and accountability. Patriotism & Education: Advocates for introducing a subject called ‚ÄúPhilippine Patriotism and Ethic Studies‚Äù from Grade 1 to college to foster good and patriotic citizens.,"Duterte Supporter: Was part of the ""Marco Polo 15"" that promoted Rodrigo Duterte's presidential bid in 2016. Served in several appointed positions during the Duterte administration.","{""education"":""https://en.wikipedia.org/wiki/Jayvee_Hinlo"",""past_behaviors"":""https://www.youtube.com/watch?v=RisqCeIDKfk"",""career_timeline"":""https://pdplaban.org.ph/atty-jayvee-hinlo/"",""platforms_and_promises"":""https://pdplaban.org.ph/atty-jayvee-hinlo/""}"
31,Gregorio ‚ÄúGringo‚Äù Ballesteros Honasan,,Philippine Military Academy (PMA) ‚ÄúMatatag‚Äù Class of 1971 (cum laude).,"Former Army Colonel (leader of RAM); Senator of the Philippines (1995‚Äì2004, 2007‚Äì2019). Secretary, DICT (2019‚Äì2021). Leader, Reform PH - People's Party (since June 2024). Candidate for Senator (2025).","Reformism and New Politics: His new party, Reform PH, aims for reformism and a new brand of politics. Security: The party has proposed the establishment of paramilitary groups to enforce sovereignty claims in the West Philippine Sea. Integrity: Focus on integrity in public service and environmental protection.",Military Coups: A key figure in the 1986 EDSA Revolution and subsequently led several bloody coup attempts against President Corazon Aquino. Legal Issues: Charged with graft over the PDAF (Pork Barrel) scam in 2017.,"{""education"":""https://en.wikipedia.org/wiki/Gregorio_Honasan"",""past_behaviors"":""https://en.wikipedia.org/wiki/Gregorio_Honasan"",""career_timeline"":""https://en.wikipedia.org/wiki/Reform_PH_Party"",""platforms_and_promises"":""https://en.wikipedia.org/wiki/Reform_PH_Party""}"
32,Relly Jr. Nufable Jose,,Specific details on formal tertiary education are limited in public records.,"Candidate for Senator (multiple elections, including 2025) under Kilusang Bagong Lipunan (KBL). The KBL is the political party that served as the vehicle for the former President Ferdinand E. Marcos.","Party Ideology: As a candidate under KBL, his platform aligns with the party's ideology of Conservatism, Anti-communism, Filipino Nationalism, and Economic Nationalism. Platforms generally support policies associated with the New Society era.","Electoral History: Has consistently run for the Senate as a KBL candidate, often under the banner of a larger coalition supporting the Marcos family.","{""education"":""https://en.wikipedia.org/wiki/Kilusang_Bagong_Lipunan"",""past_behaviors"":""https://en.wikipedia.org/wiki/Kilusang_Bagong_Lipunan"",""career_timeline"":""https://en.wikipedia.org/wiki/Kilusang_Bagong_Lipunan"",""platforms_and_promises"":""https://en.wikipedia.org/wiki/Kilusang_Bagong_Lipunan""}"
33,Panfilo ‚ÄúPing‚Äù Morena Lacson,,Philippine Military Academy (PMA) ‚ÄúMatatag‚Äù Class of 1971.,"Director General, PNP (1999‚Äì2001). Senator of the Philippines (2001‚Äì2013, 2016‚Äì2022). President Pro Tempore (Sept 2025 ‚Äì Present). Candidate for Senator (2025) as an Independent.","Anti-Corruption and Fiscalizer: Vows to remain an independent fiscalizer in the Senate. Focus on scrutinizing the National Budget, questioning inequitable or distorted allocations (e.g., in flood control). Security: Co-authored the Anti-Terrorism Act of 2020 (RA 11479) and the National ID Law (RA 11055).","Budgetary Scrutiny: Known for exposing ""pork"" and questionable insertions in the national budget. Police Career: Led the Presidential Anti-Organized Crime Task Force (PAOCTF), where he gained a reputation for being tough on crime.","{""education"":""https://en.wikipedia.org/wiki/Panfilo_Lacson"",""past_behaviors"":""https://en.wikipedia.org/wiki/Panfilo_Lacson"",""career_timeline"":""https://en.wikipedia.org/wiki/Panfilo_Lacson"",""platforms_and_promises"":""https://www.youtube.com/watch?v=X1teSV-ju_Q""}"
34,Raul Loyola Lambino,,"AB Political Science (cum laude), Bachelor of Laws (valedictorian, cum laude) ‚Äì University of Pangasinan.","Lawyer and Law Professor. Administrator and CEO, Cagayan Economic Zone Authority (CEZA) (2017‚Äì2022). Candidate for Senator (2025) under PDP-Laban.","Food Security: His main campaign platform is ""Pagkain sa Bawat Pinggan"" (Food on Every Plate), aiming to strengthen food security programs and policies. Constitutional Reform: Known for his long-standing advocacy for Charter Change.",Charter Change Advocacy: Led the controversial 2005 signature campaign to amend the Constitution through a people's initiative (which the Supreme Court ultimately denied). Served as a political appointee under President Rodrigo Duterte.,"{""education"":""https://en.wikipedia.org/wiki/Raul_Lambino"",""past_behaviors"":""https://en.wikipedia.org/wiki/Raul_Lambino"",""career_timeline"":""https://www.gmanetwork.com/news/eleksyon/2025/candidates/raul-kabaka-lambino/"",""platforms_and_promises"":""https://www.gmanetwork.com/news/eleksyon/2025/candidates/raul-kabaka-lambino/""}"
35,Manuel ‚ÄúLito‚Äù Mercado Lapid,,Did not pursue tertiary education; entered the film industry as a stuntman.,"Actor. Governor of Pampanga (1995‚Äì2004). Senator of the Philippines (2004‚Äì2016, 2019‚ÄìPresent). Party affiliation: Nationalist People‚Äôs Coalition (NPC).",Social Welfare: Authored the Free Legal Assistance Act of 2010 and the Expanded Senior Citizens Act of 2010. Film Industry: Supports allocating funds for loans to local film producers and lowering taxes on film theaters.,"Legislative Focus: Despite having little formal education, he is recognized for being a productive legislator, often focusing on measures that benefit the masses (masa), such as legal aid and consumer protection (Meat Labeling Act).","{""education"":""https://en.wikipedia.org/wiki/Lito_Lapid"",""past_behaviors"":""https://legacy.senate.gov.ph/senators/sen_bio/lapid_bio.asp"",""career_timeline"":""https://en.wikipedia.org/wiki/Lito_Lapid"",""platforms_and_promises"":""https://halalan.up.edu.ph/lapid-manuel-lito-mercado-npc/""}"
36,Wilbert Te Lee,,Representative for AGRI Partylist since 2022.,"Representative, AGRI Partylist (2022‚ÄìPresent). Candidate for Senator (2025) under Aksyon Demokratiko (The candidacy was WITHDRAWN in February 2025).",,"Reason for Withdrawal: Cited lack of time and sufficient political machinery to mount a successful nationwide campaign as the primary reasons for his withdrawal, choosing instead to focus on the AGRI Partylist's re-election bid.","{""education"":""https://en.wikipedia.org/wiki/Wilbert_T._Lee"",""past_behaviors"":""https://www.youtube.com/watch?v=FFXZGlUm8z0"",""career_timeline"":""https://www.pna.gov.ph/articles/1243724"",""platforms_and_promises"":""""}"
37,Amirah Ali ‚ÄúMek‚Äù Lidasan,,Bachelor of Arts in Journalism (UP Diliman).,"Moro and Indigenous Peoples (IP) Activist. Co-chairperson, Sandugo-Movement of Moro and Indigenous Peoples for Self-Determination. Candidate for Senator (2025) under Makabayang Koalisyon ng Mamamayan (Makabayan).",Moro and IP Rights: Focus on the right to self-determination for Moro and indigenous peoples. Justice: Pushing for compensation for victims of the Marawi Siege and the protection of human rights defenders. Anti-Imperialism: Vows to be vocal against foreign military intervention and its impact on Mindanao.,Activism: Active since her student days as National Chairperson of the National Union of Students of the Philippines (NUSP). Was instrumental in forming the Moro-Christian People's Alliance.,"{""education"":""https://en.wikipedia.org/wiki/Amirah_Lidasan"",""past_behaviors"":""https://en.wikipedia.org/wiki/Amirah_Lidasan"",""career_timeline"":""https://en.wikipedia.org/wiki/Amirah_Lidasan"",""platforms_and_promises"":""https://www.youtube.com/watch?v=CeTiK4ycYrw""}"
38,Rodante Dizon Marcoleta,,Bachelor of Laws (San Sebastian College). Master in Business Administration (University of the East).,"Lawyer; Representative, SAGIP Party-list (2016‚Äì2025). Senator of the Philippines (2025‚ÄìPresent). Elected Senator in the 2025 elections. Party affiliation: Independent.","Governance and Anti-Corruption: Platform is built around integrity in government. Affiliations: His campaign was strongly affiliated with the ""DuterTen"" senatorial slate and received formal endorsement from the Iglesia ni Cristo (INC).",Legislative Role: Known for his vigorous cross-examinations and strong defense of the Duterte administration's policies in the House. Controversy: Gained national attention for his role in opposing the franchise renewal of ABS-CBN.,"{""education"":""https://en.wikipedia.org/wiki/Rodante_Marcoleta"",""past_behaviors"":""https://en.wikipedia.org/wiki/Rodante_Marcoleta"",""career_timeline"":""https://en.wikipedia.org/wiki/Rodante_Marcoleta"",""platforms_and_promises"":""https://www.youtube.com/watch?v=zZXHY5uYnK0""}"
39,Maria Imelda ‚ÄúImee‚Äù Romualdez Marcos,,"Attended Princeton University and UP Diliman, but did not obtain an undergraduate degree from either institution, according to official statements.",Governor of Ilocos Norte (2010‚Äì2019). Senator of the Philippines (2019‚ÄìPresent). Sister of President Ferdinand Marcos Jr. Party affiliation: Nacionalista Party (NP).,"Youth and Overseas Filipino Workers (OFW) Welfare: Focuses on job creation, digital infrastructure, and support for returning OFWs. Economic Stimulus: Proponent of the Universal Basic Income (SB 1891) and the Expanded Free Legal Assistance Act (SB 1892).",Martial Law Association: Served as Chairman of the Kabataang Barangay during her father's regime. She has been consistently criticized for martial law denialism and for the false claims made about her educational background.,"{""education"":""https://en.wikipedia.org/wiki/Imee_Marcos"",""past_behaviors"":""https://en.wikipedia.org/wiki/Imee_Marcos"",""career_timeline"":""https://en.wikipedia.org/wiki/Imee_Marcos"",""platforms_and_promises"":""https://en.wikipedia.org/wiki/Imee_Marcos""}"
40,Norman Cordero Marquez,,Resident of Mountain Province; Occupation: Real Estate Broker.,"Co-founder/Administrator, Baguio Animal Welfare (BAW). Candidate for Senator (2019, 2025) as an Independent.","Animal Welfare and Marginalized: Aims to be the ""voice of animals"" and the marginalized in the Senate. Social Reform: Supports creating education policies to protect women, LGBTQI+, and youth, and the expansion of free legal assistance for victims of VAWC and cybercrimes.","Nuisance Candidate Ruling (2019): COMELEC declared him a nuisance candidate due to a lack of perceived financial capacity for a nationwide campaign, a ruling he challenged by arguing for the power of social media and donor support to wage a cost-effective, ""revolutionary"" campaign.","{""education"":""https://elibrary.judiciary.gov.ph/thebookshelf/showdocs/1/65668"",""past_behaviors"":""https://elibrary.judiciary.gov.ph/thebookshelf/showdocs/1/65668"",""career_timeline"":""https://www.youtube.com/watch?v=ZKeWtQuQfJA"",""platforms_and_promises"":""https://up.edu.ph/senatorial-bets-bare-platforms-for-youth-women-lgbtiq-in-upd-forum/""}"
41,Eric Morales Martinez,,"Attended University of Santo Tomas (B.S. in Commerce, major in Business Administration, unfinished).","Representative, Valenzuela's 2nd District (2016‚Äì2025). House Deputy Speaker (2020‚Äì2022). Vice Mayor, Valenzuela City (2007‚Äì2016). Candidate for Senator (2025) as an Independent.","Local Governance: Focuses on leveraging his experience in local and legislative governance. Although running as an Independent in the Senate bid, he remains a Vice President for Luzon of the Partido Demokratiko Pilipino (PDP).","Controversial Vote: Voted to reject the franchise renewal of ABS-CBN in 2020. Denies the label of ""political butterfly"" despite having switched parties (from Lakas‚ÄìCMD to Liberal Party to PDP-Laban) during his career, citing circumstantial necessity.","{""education"":""https://en.wikipedia.org/wiki/Eric_Martinez"",""past_behaviors"":""https://en.wikipedia.org/wiki/Eric_Martinez"",""career_timeline"":""https://en.wikipedia.org/wiki/Eric_Martinez"",""platforms_and_promises"":""https://pdplaban.org.ph/eric-martinez/""}"
42,Richard Tesoro Mata,,"Doctor of Medicine (M.D.) (Davao Medical School Foundation, 1997). Diplomate National Board. Occupation: Pediatrician and Vlogger.",Physician (Good Shepherd Hospital); Vlogger (Nickname: Pambansang Marites na Doktor). Candidate for Senator (2025) as an Independent (later joined the Duterten slate).,Children's Welfare and Healthcare: Focus on improving children's welfare and pushing for a wholistic approach in providing medical services. Specifically raised the issue of late diagnosis of children with disabilities due to bureaucracy.,"Political Dynasty Stance: Has publicly stated he believes there are ""good political dynasties"" and that banning them entirely should not be done, arguing ""leadership is genetic."" He is the nephew of Senator Bong Go.","{""education"":""https://en.wikipedia.org/wiki/Richard_Mata"",""past_behaviors"":""https://www.youtube.com/watch?v=NEXLL9s23wE"",""career_timeline"":""https://en.wikipedia.org/wiki/Richard_Mata"",""platforms_and_promises"":""https://www.youtube.com/watch?v=NPL-0hoIy90""}"
43,Jose Sonny Gito Matula,,AB Political Science (Mindanao State University). Bachelor of Laws (Manuel L. Quezon University).,"Labor Leader and Lawyer. President, Federation of Free Workers (FFW). Chairperson, Nagkaisa Labor Coalition. Candidate for Senator (2019, 2022, 2025) under Workers‚Äô and Peasants‚Äô Party (WPP).","Labor Rights: Advocates for stricter enforcement of the Labor Code by increasing penalties for violations (e.g., raising fines from $\text{‚Ç±1,000}$ to $\text{‚Ç±50,000}$). Focuses on decent jobs with living wages and institutionalizing scholarships for children of workers and peasants.","Government Experience: Served as Executive Director V of the Presidential Anti-Graft Commission (2001‚Äì2002) and as a Commissioner of the SSS (2006‚Äì2010). Has consistently run on a labor-focused, progressive platform.","{""education"":""https://en.wikipedia.org/wiki/Sonny_Matula"",""past_behaviors"":""https://halalan.up.edu.ph/matula-jose-sonny-gito-labor-party-philippines/"",""career_timeline"":""https://en.wikipedia.org/wiki/Sonny_Matula"",""platforms_and_promises"":""https://en.wikipedia.org/wiki/Sonny_Matula""}"
44,Liza Lagorza Maza,,"Bachelor of Science in Business Economics (UP Diliman, 1978).","Activist and Politician. Representative, Gabriela Women's Party (2004‚Äì2010). Lead Convenor, National Anti-Poverty Commission (NAPC) (2016‚Äì2018). Candidate for Senator (2025) under Makabayan.",Social Justice and Women‚Äôs Rights: Principal author of landmark laws like the Anti-Violence in Women and Children Act (RA 9262) and the Magna Carta of Women (RA 9710). Foreign Policy: Pushes for an independent foreign policy and the removal of U.S. bases in the Philippines.,Activism and Legislative Record: Authored or co-authored major social laws including the Juvenile Justice and Welfare Act and the Anti-Torture Law. Current Action: Involved in filing the impeachment complaint against VP Sara Duterte (Dec 2024).,"{""education"":""https://en.wikipedia.org/wiki/Liza_Maza"",""past_behaviors"":""https://en.wikipedia.org/wiki/Liza_Maza"",""career_timeline"":""https://en.wikipedia.org/wiki/Liza_Maza"",""platforms_and_promises"":""https://www.youtube.com/watch?v=K0KbdV4iIyA""}"
45,Heidi Reyes Lloce-Mendoza,,B.S. in Accountancy (Sacred Heart College of Lucena City). Master in Public Administration (UP Diliman). Master in National Security Administration (NDCP). Certified Public Accountant (CPA).,"Commissioner, Commission on Audit (COA) (2011‚Äì2015). Under-Secretary-General, UN Office of Internal Oversight Services (OIOS) (2015‚Äì2019). Candidate for Senator (2025) as an Independent.",Anti-Corruption: Main platform is fighting corruption based on her nearly three decades in audit. Fiscal Accountability: Advocates for budget literacy through legislation to educate citizens on government financial activities. Supports the abolishment of all forms of pork barrel funding.,"Whistleblower: Gained national prominence as the whistleblower in the 2011 Armed Forces of the Philippines (AFP) corruption scandal, exposing the misuse and diversion of military funds, which led to her receiving death threats.","{""education"":""https://en.wikipedia.org/wiki/Heidi_Mendoza"",""past_behaviors"":""https://en.wikipedia.org/wiki/Heidi_Mendoza"",""career_timeline"":""https://heidimendoza.com/about-heidi/"",""platforms_and_promises"":""https://en.wikipedia.org/wiki/Heidi_Mendoza""}"
46,Jose Jr. Cabrera Montemayor,,Doctor of Medicine (M.D.) (Far Eastern University). Bachelor of Laws (LL.B.) (Philippine Law School). Cardiologist and Lawyer.,"Practicing Cardiologist and Lawyer. Legal Counsel, Philippine Heart Center. Candidate for President (2022). Candidate for Senator (2025) as an Independent.",Health and OFW Welfare: Focuses on providing legal and medical assistance to Overseas Filipino Workers (OFWs). Law and Order: Advocates for removing the controversial aspects of Oplan Tokhang and addressing the issue of drugs through other means.,"Controversial Claims: During the 2022 presidential debates, he made unverified claims about COVID-19 vaccines. Electoral History: Has run for various positions (Governor, Representative, President) but has consistently garnered low votes, although he campaigns on limited personal funds.","{""education"":""https://en.wikipedia.org/wiki/Jose_Montemayor_Jr."",""past_behaviors"":""https://en.wikipedia.org/wiki/Jose_Montemayor_Jr."",""career_timeline"":""https://en.wikipedia.org/wiki/Jose_Montemayor_Jr."",""platforms_and_promises"":""https://en.wikipedia.org/wiki/Jose_Montemayor_Jr.""}"
47,Jose Jessei Dela Calsada Olivar,,Background as a social advocate. Specific details on tertiary education are limited.,Advocate for Workers and Urban Poor. Candidate for Senator (2025) as an Independent.,"Labor Rights: Advocates for the end of contractualization (""endo"") to allow workers to form or join unions. Healthcare: Proposes strengthening the national healthcare system and providing higher salaries for healthcare professionals to mitigate brain drain.","Social Stance: In forums, he stated he is not against civil unions for LGBTIQ+ couples but would not favor marriage for them, generally supporting the integrated development of the urban poor, farmers, and workers.","{""education"":""https://up.edu.ph/senatorial-bets-bare-platforms-for-youth-women-lgbtiq-in-upd-forum/"",""past_behaviors"":""https://up.edu.ph/senatorial-bets-bare-platforms-for-youth-women-lgbtiq-in-upd-forum/"",""career_timeline"":""https://www.youtube.com/watch?v=mxT5hNKbyG4"",""platforms_and_promises"":""https://up.edu.ph/senatorial-bets-bare-platforms-for-youth-women-lgbtiq-in-upd-forum/""}"
48,Willie Tan Ong,,"Doctor of Medicine (M.D.) (UP Manila, 1987). M.D. specializing in Cardiology and Internal Medicine.",Public Health Advocate and Vlogger (Dr. Willie Ong); Candidate for Vice President (2022). Candidate for Senator (2025) under Aksyon Demokratiko (Candidacy WITHDRAWN in February 2025).,,"Public Health Education: Built a massive social media following (over 17 million on Facebook) by providing free, accessible health advice. Reason for Withdrawal: Officially withdrew from the 2025 Senate race due to health concerns, stating he needed to focus on his own well-being.","{""education"":""https://en.wikipedia.org/wiki/Willie_Ong"",""past_behaviors"":""https://www.youtube.com/watch?v=-BmpXrTbcic"",""career_timeline"":""https://www.youtube.com/watch?v=-BmpXrTbcic"",""platforms_and_promises"":""""}"
49,Emmanuel ‚ÄúManny‚Äù Dapidran Pacquiao,,"Professional Boxer (former); Bachelor of Arts in Political Science (University of Makati, 2019).","Member of the House of Representatives (Sarangani, 2010‚Äì2016). Senator of the Philippines (2016‚Äì2022). Candidate for President (2022). Candidate for Senator (2025) under Partido Federal ng Pilipinas (PFP).","Anti-Corruption and Housing: Main platform is fighting corruption, which he calls the ""cancer of the country."" Promises to resume his efforts on nationwide housing projects for the poor, a key platform from his previous bids.","Legislative Record: Focused on sports development and public works during his first Senate term. Political Affiliation: Officially ran under the PFP in 2025, which is aligned with the Alyansa para sa Bagong Pilipinas coalition.","{""education"":""https://en.wikipedia.org/wiki/Manny_Pacquiao"",""past_behaviors"":""https://en.wikipedia.org/wiki/Manny_Pacquiao"",""career_timeline"":""https://en.wikipedia.org/wiki/Manny_Pacquiao"",""platforms_and_promises"":""https://www.youtube.com/watch?v=ahsSXlvN-eA""}"
50,Francis Pancratius ‚ÄúKiko‚Äù Nepomuceno Pangilinan,,"Bachelor of Arts in English (UP Diliman). Master in Public Administration (Harvard University, John F. Kennedy School of Government).","Senator of the Philippines (2001‚Äì2013, 2016‚Äì2022). Vice Presidential Candidate (2022). Chairperson, Liberal Party (LP). Candidate for Senator (2025) under LP.","Food Security and Agriculture: Focuses on lowering the prices of rice and other basic goods. Vows to fully implement the Sagip Saka Act (RA 11321), which he authored, to improve farmers' market access. Legislative Review: Called for a review of the Rice Tariffication Law (RTL) to assess its impact on small farmers.","Electoral History: Known for his consistent focus on agriculture and justice reform (authored the Juvenile Justice and Welfare Act). Was re-elected to the Senate in 2025, placing fifth, defying initial low survey numbers.","{""education"":""https://en.wikipedia.org/wiki/Kiko_Pangilinan"",""past_behaviors"":""https://en.wikipedia.org/wiki/Kiko_Pangilinan"",""career_timeline"":""https://en.wikipedia.org/wiki/Kiko_Pangilinan"",""platforms_and_promises"":""https://en.wikipedia.org/wiki/Kiko_Pangilinan""}"
51,Ariel Porfirio Oliva Querubin,,"Philippine Military Academy (PMA) ‚ÄúMatikas‚Äù Class of 1983. Colonel (Retired, Philippine Marine Corps).","Decorated Marine Officer. Candidate for Senator (2025) under the Nacionalista Party (NP), running as part of the ""Riding-in-Tandem Team"" slate.","National Security and Sovereignty: Focuses on defending the country's sovereignty, particularly in the West Philippine Sea. Advocates for officials who are ""ready to die for the Philippines."" Governance: Aims to bring military discipline and integrity to the Senate.","Military Involvement: Received the Medal of Valor for gallantry in action. Was a leader in the 2006 Marine standoff at the Marine headquarters in Fort Bonifacio, which challenged the government.","{""education"":""https://en.wikipedia.org/wiki/Ariel_Querubin"",""past_behaviors"":""https://en.wikipedia.org/wiki/Ariel_Querubin"",""career_timeline"":""https://www.youtube.com/watch?v=49i3dcOySBc"",""platforms_and_promises"":""https://www.youtube.com/watch?v=49i3dcOySBc""}"
52,Apollo Carreon Quiboloy,,Religious Leader and Televangelist. Founder of the Kingdom of Jesus Christ (KJC).,"Religious Leader (self-proclaimed ""Appointed Son of God""). Candidate for Senator (2025) as an Independent.","Governance and Morality: Platform centers on moral governance, peace and order, and advancing his religious advocacies. He was adopted by the DuterTen slate.","Legal Status: Currently detained and facing multiple criminal charges, including qualified human trafficking and child abuse in the Philippines, as well as an active extradition request from the U.S. His candidacy was challenged before the Supreme Court by the Workers‚Äô and Peasants‚Äô Party (WPP) due to his legal status.","{""education"":""https://www.pna.gov.ph/articles/1236012"",""past_behaviors"":""https://www.youtube.com/watch?v=TX1oVCXUkl0"",""career_timeline"":""https://www.pna.gov.ph/articles/1236012"",""platforms_and_promises"":""https://www.youtube.com/watch?v=KwtXXi7cJMk""}"
53,Danilo Dimalaluan Ramos,,Background as a labor union leader and activist for workers' rights.,"General Secretary, Kilusang Mayo Uno (KMU); Vice Chairperson, Makabayan Coalition. Candidate for Senator (2025) under Makabayang Koalisyon ng Mamamayan (Makabayan).","Labor and Wages: Advocates for a National Minimum Wage and the implementation of a social protection program for workers, including higher benefits and mandatory hazard pay for essential workers. Human Rights: Focuses on defending trade union rights and opposition to the Anti-Terrorism Act.","Activism: A prominent figure in the militant labor movement, consistently leading campaigns and protests for workers' welfare, including major strikes against contractualization and low wages.","{""education"":""https://en.wikipedia.org/wiki/Makabayan"",""past_behaviors"":""https://en.wikipedia.org/wiki/Kilusang_Mayo_Uno"",""career_timeline"":""https://en.wikipedia.org/wiki/Makabayan"",""platforms_and_promises"":""https://www.youtube.com/watch?v=K0KbdV4iIyA""}"
54,Wilfredo Buendia ‚ÄúWillie‚Äù Revillame,,"Did not pursue a degree after high school; TV Host, Actor, and Comedian by profession.","Popular Television Host (of Wowowee, Wowowin, and Wil To Win). Candidate for Senator (2025) as an Independent.","""Serbisyo at Puso"" (Service and Heart): His platform emphasizes direct public service and aid based on his experience giving away cash and prizes on his TV shows. Legislative Stance: Admitted of not having a detailed legislative platform at the time of his candidacy filing, stating that a ""good heart"" and dedication to countrymen is enough for a senator.","Political Affiliation: Though running as an Independent, he was a vocal supporter of the former President Rodrigo Duterte and was asked to run in the 2022 elections (which he declined). Electoral Outcome: Despite topping some pre-election surveys, he lost the 2025 Senate election, placing 22nd in the final official results.","{""education"":""https://en.wikipedia.org/wiki/Willie_Revillame"",""past_behaviors"":""https://en.wikipedia.org/wiki/Willie_Revillame"",""career_timeline"":""https://en.wikipedia.org/wiki/Willie_Revillame"",""platforms_and_promises"":""https://www.youtube.com/watch?v=b31X9PzzanI""}"
55,Victor ‚ÄúVic‚Äù Dayrit Rodriguez,,"Bachelor of Laws (University of Santo Tomas, 2005). Certified Public Accountant (CPA).",Lawyer; Executive Secretary (June 2022 ‚Äì Sept 2022). Chief of Staff to former President Ferdinand Marcos Jr. (Oct 2022 ‚Äì March 2023). Candidate for Senator (2025) as an Independent.,"Governance and Anti-Corruption: Focuses on good governance and bureaucratic efficiency, leveraging his experience in the Executive branch. Economic Policy: Advocates for attracting foreign investment and streamlining business regulations.","Controversial Resignation: Resigned as Executive Secretary after a short tenure following controversies, including the sugar importation fiasco (Sugar Order No. 4). He continues to be a close ally of the President.","{""education"":""https://en.wikipedia.org/wiki/Vic_Rodriguez"",""past_behaviors"":""https://en.wikipedia.org/wiki/Vic_Rodriguez"",""career_timeline"":""https://en.wikipedia.org/wiki/Vic_Rodriguez"",""platforms_and_promises"":""https://www.youtube.com/watch?v=kYJz24gWfB0""}"
56,Nur-Ana Indanan Sahidulla,,Bachelor of Science in Education (Sulu College of Technology). Master in Public Administration (Notre Dame of Jolo College).,Governor of Sulu (1996‚Äì2001). Vice Governor of Sulu (2007‚Äì2010). Candidate for Senator (2025) as an Independent.,"Peace and Development in Mindanao: Focuses on bringing lasting peace and economic development to the Bangsamoro region and Sulu. Women's Empowerment: Advocates for the rights of women, especially in Muslim Mindanao.",Political Dynasty: Part of the powerful Sahidulla political family in Sulu. Known for her focus on human rights issues affecting the region during her political career.,"{""education"":""https://en.wikipedia.org/wiki/Nur-Ana_Sahidulla"",""past_behaviors"":""https://en.wikipedia.org/wiki/Nur-Ana_Sahidulla"",""career_timeline"":""https://en.wikipedia.org/wiki/Nur-Ana_Sahidulla"",""platforms_and_promises"":""https://en.wikipedia.org/wiki/Nur-Ana_Sahidulla""}"
57,Phillip Reyes Salvador,,"Actor, Director, and Producer.",Veteran Film Actor. Candidate for Senator (2025) under PDP-Laban.,"Anti-Drug and Anti-Crime: Focus on strengthening peace and order, including rehabilitation programs for drug users. Film Industry: Advocates for measures to support the local film industry and protect artists' welfare.",Political Alignment: A long-time and vocal supporter of former President Rodrigo Duterte. Known for his action star roles in films.,"{""education"":""https://en.wikipedia.org/wiki/Phillip_Salvador"",""past_behaviors"":""https://en.wikipedia.org/wiki/Phillip_Salvador"",""career_timeline"":""https://pdplaban.org.ph/phillip-salvador/"",""platforms_and_promises"":""https://pdplaban.org.ph/phillip-salvador/""}"
58,Luis ‚ÄúChavit‚Äù Crisologo Singson,,Bachelor of Arts in Criminology (University of the East).,"Governor of Ilocos Sur (Multiple terms, 1972‚Äì2019). Candidate for Senator (2025) as an Independent (Candidacy WITHDRAWN in January 2025).",,"Witness in Estrada Impeachment: Became a key figure in Philippine political history when he accused then-President Joseph Estrada of receiving millions from illegal gambling (jueteng), triggering Estrada's impeachment. Reason for Withdrawal: Withdrew to focus on his gubernatorial run in Ilocos Sur.","{""education"":""https://en.wikipedia.org/wiki/Chavit_Singson"",""past_behaviors"":""https://en.wikipedia.org/wiki/Chavit_Singson"",""career_timeline"":""https://en.wikipedia.org/wiki/Chavit_Singson"",""platforms_and_promises"":""""}"
59,Vicente III ‚ÄúTito‚Äù Castelo Sotto,,Bachelor of Arts in English (Ateneo de Manila University).,"Senator of the Philippines (1992‚Äì2004, 2010‚Äì2022). Senate President (2018‚Äì2022). Candidate for Vice President (2022). Candidate for Senator (2025) under Nationalist People‚Äôs Coalition (NPC).",Anti-Drug and Crime: Principal author of the Comprehensive Dangerous Drugs Act of 2002 (RA 9165). Governance: Focuses on strengthening the country's fiscal management and ensuring the strict implementation of existing laws.,"Legislative Leadership: Known for his roles as Senate Majority Leader and Senate President, where he championed fiscal responsibility and peace-and-order legislation. Media Career: A prominent figure in the entertainment industry (Eat Bulaga!).","{""education"":""https://en.wikipedia.org/wiki/Tito_Sotto"",""past_behaviors"":""https://en.wikipedia.org/wiki/Tito_Sotto"",""career_timeline"":""https://en.wikipedia.org/wiki/Tito_Sotto"",""platforms_and_promises"":""https://en.wikipedia.org/wiki/Tito_Sotto""}"
60,Michael Balais Tapado,,Background as an Overseas Filipino Worker (OFW) and social advocate.,OFW Advocate; Candidate for Senator (2025) under Partido Maharlika.,"OFW Welfare: Platform is centered on creating better support systems and protection for OFWs, addressing issues like illegal recruitment and unfair labor practices abroad. Social Welfare: Focuses on basic social services and poverty reduction.",Campaign Strategy: Positions himself as a non-traditional candidate representing the struggles of the working class and OFWs.,"{""education"":""https://www.gmanetwork.com/news/eleksyon/2025/candidates/michael-tapado/"",""past_behaviors"":""https://www.gmanetwork.com/news/eleksyon/2025/candidates/michael-tapado/"",""career_timeline"":""https://www.gmanetwork.com/news/eleksyon/2025/candidates/michael-tapado/"",""platforms_and_promises"":""https://www.youtube.com/watch?v=T_8V_p5l9zM""}"
61,Francis Ng Tolentino,,Bachelor of Laws (Ateneo de Manila University). Master of Laws (University of London and the University of Michigan).,"Mayor of Tagaytay City (1995‚Äì2004). Chairman, MMDA (2010‚Äì2015). Senator of the Philippines (2019‚ÄìPresent). Party affiliation: Partido Federal ng Pilipinas (PFP).",Local Governance and Disaster Risk Reduction: Principal author of the Department of Disaster Resilience Act and the Mandatory Establishment of Local Youth Development Offices Act (RA 11776). Constitutional Reform: Proponent of revising the 1987 Constitution to strengthen local autonomy.,Public Service Record: Known for his strict implementation of traffic rules as MMDA Chairman. His legislative focus is heavily tied to his background in local governance and disaster management.,"{""education"":""https://en.wikipedia.org/wiki/Francis_Tolentino"",""past_behaviors"":""https://legacy.senate.gov.ph/senators/sen_bio/tolentino_francis_bio.asp"",""career_timeline"":""https://en.wikipedia.org/wiki/Francis_Tolentino"",""platforms_and_promises"":""https://en.wikipedia.org/wiki/Francis_Tolentino""}"
62,Bienvenido ‚ÄúBen‚Äù Teshiba Tulfo,,Journalist and Broadcaster.,Media Personality and Broadcaster (host of Bitag). Candidate for Senator (2025) as an Independent.,"Peace and Order: Platforms center on a tough stance against crime and corruption, mirroring the advocacy of his media program, Bitag. OFW Protection: Focus on protecting marginalized sectors, including OFWs and victims of injustice.","Controversial Expos√©: Known for his no-nonsense, aggressive style of exposing government corruption and criminality on his program. Part of the prominent Tulfo family in media and politics.","{""education"":""https://www.pna.gov.ph/articles/1236012"",""past_behaviors"":""https://en.wikipedia.org/wiki/Ben_Tulfo"",""career_timeline"":""https://www.gmanetwork.com/news/eleksyon/2025/candidates/ben-tulfo/"",""platforms_and_promises"":""https://www.youtube.com/watch?v=sW-XgS0G83k""}"
63,Erwin Teshiba Tulfo,,Journalist and Broadcaster.,"Journalist and Broadcaster. Secretary, DSWD (2022‚Äì2023). Senator of the Philippines (2025‚ÄìPresent). Elected Senator in the 2025 elections. Independent.","Social Welfare and Direct Service: Platforms emphasize direct social assistance and poverty alleviation, based on his experience providing direct aid on air and as DSWD Secretary. OFW Welfare: Focus on protecting OFWs from abuse and fraud.","Electoral Success: Topped the senatorial race in the 2025 elections, a major victory for an independent candidate. Public Service: His tenure as DSWD Secretary was marked by efforts to quickly disburse financial aid to the poor.","{""education"":""https://en.wikipedia.org/wiki/Erwin_Tulfo"",""past_behaviors"":""https://www.rappler.com/philippines/elections/2025/latest-official-partial-results-senatorial-race/"",""career_timeline"":""https://en.wikipedia.org/wiki/Erwin_Tulfo"",""platforms_and_promises"":""https://en.wikipedia.org/wiki/Erwin_Tulfo""}"
64,Mario Jr. ‚ÄúMar‚Äù Soliven Valbuena,,Bachelor of Science in Industrial Engineering (Map√∫a Institute of Technology).,"President, Consumer Rights for Safe Energy (CRSE); Transport Leader. Candidate for Senator (2025) as an Independent.",Consumer Protection and Energy: Focuses on lowering electricity and fuel costs by repealing the Oil Deregulation Law and pushing for lower taxes on essential goods. Transport: Supports the rights of transport groups against modernization programs.,Activism: Consistently advocates for the consumers against high prices and the interests of oil companies and utility providers.,"{""education"":""https://www.gmanetwork.com/news/eleksyon/2025/candidates/mario-mar-valbuena-jr/"",""past_behaviors"":""https://www.youtube.com/watch?v=c3XL2Yhy6JI"",""career_timeline"":""https://www.gmanetwork.com/news/eleksyon/2025/candidates/mario-mar-valbuena-jr/"",""platforms_and_promises"":""https://www.gmanetwork.com/news/eleksyon/2025/candidates/mario-mar-valbuena-jr/""}"
65,Leandro Buenconsejo Verceles,,"Master in Public Administration (National College of Public Administration and Governance, UP Diliman).","Representative, Catanduanes (Multiple terms). Governor of Catanduanes (2007‚Äì2010). Candidate for Senator (2025) as an Independent.","Local Autonomy: Advocates for strengthening local government units (LGUs) and granting more financial and political power to provinces and municipalities. Disaster Resilience: Focus on improving disaster risk reduction and management, stemming from his experience in a typhoon-prone province.","Electoral History: Known for his political career in Catanduanes, focusing on regional development and local governance.","{""education"":""https://en.wikipedia.org/wiki/Leandro_Verceles_Jr."",""past_behaviors"":""https://en.wikipedia.org/wiki/Leandro_Verceles_Jr."",""career_timeline"":""https://en.wikipedia.org/wiki/Leandro_Verceles_Jr."",""platforms_and_promises"":""https://www.youtube.com/watch?v=68E6pW0z1uA""}"
66,Camille Aguilar Villar,,"Bachelor of Science in Business Management (Ateneo de Manila University). Master in Business Administration (IESE Business School, University of Navarra, Spain).","Representative, Las Pi√±as Lone District (2019‚Äì2025). Managing Director, Vista Land. Candidate for Senator (2025) under Nacionalista Party (NP).",Livelihood and MSME Support: Focuses on creating jobs and providing financial assistance and capital for small businesses. Digitalization: Advocates for programs to improve internet access and digital literacy nationwide.,"Political Dynasty: Daughter of former Senate President Manny Villar and Senator Cynthia Villar. Her legislative work has primarily focused on economic recovery and support for micro, small, and medium enterprises (MSMEs).","{""education"":""https://en.wikipedia.org/wiki/Camille_Villar"",""past_behaviors"":""https://en.wikipedia.org/wiki/Camille_Villar"",""career_timeline"":""https://en.wikipedia.org/wiki/Camille_Villar"",""platforms_and_promises"":""https://en.wikipedia.org/wiki/Camille_Villar""}"